name,annotated ≥ 20,annotated_ratio,py_code_loc,pylint_convention_msg_norm,pylint_refactor_msg_norm,pylint_warning_msg_norm,pylint_error_msg_norm,cyclomatic_complexity_norm,cognitive_complexity_norm,bug_score_norm
data-apis/array-api,TRUE,0.869932432,355,2.374647887,0.002816901,0.943661972,0.025352113,0.177464789,0.014084507,0.064788732
VirtusLab/pandas-stubs,TRUE,0.705956907,1161,0.389319552,0.007751938,0.344530577,0,0.012919897,0.007751938,0.016365202
cjolowicz/nox-poetry,TRUE,0.606060606,920,0.011956522,0.006521739,0.067391304,0.020652174,0.169565217,0.181521739,0.022826087
pedrorrivero/qrand,TRUE,0.605604921,2374,0.109098568,0.01811289,0.044650379,0.0210615,0.255686605,0.125947767,0.01558551
BnademOverflow/FRDP,TRUE,0.593073593,532,0.163533835,0.028195489,0.030075188,0.090225564,0.12593985,0.127819549,0.001879699
tiangolo/issue-manager,TRUE,0.592592593,136,0.095588235,0.044117647,0.110294118,0.044117647,0.264705882,0.625,0.036764706
CLARIN-PL/embeddings,TRUE,0.561607143,10968,0.084609774,0.024617068,0.041301969,0.028172867,0.138767323,0.087162655,0.006199854
qweeze/rstream,TRUE,0.549060543,2022,0.127596439,0.010880317,0.007418398,0.003956479,0.161226508,0.161226508,0.002472799
input-output-hk/cardano-clusterlib-py,TRUE,0.535289453,2775,0.012972973,0.011531532,0.040720721,0,0.176936937,0.263063063,0.006126126
Vaccine-Hunters-Canada/VaxFinder-backend,TRUE,0.522346369,3310,0.093353474,0.021752266,0.050755287,0.018731118,0.135347432,0.158308157,0.00694864
systemd/mkosi,TRUE,0.521833385,7878,0.133790302,0.014089871,0.012820513,0.003681137,0.257171871,0.45049505,0.028433613
jingw/pyhdfs,TRUE,0.497175141,1069,0.12160898,0.006548176,0.009354537,0.003741815,0.260056127,0.127221703,0.006548176
plugwise/plugwise-beta,TRUE,0.490125673,3851,0.002856401,0.002337055,0.017398078,0.118410802,0.130615425,0.100493378,0.049337834
imankulov/linguee-api,TRUE,0.48534202,963,0.05815161,0.026998962,0.004153686,0.016614746,0.092419522,0.066458982,0.002076843
riscy/melpazoid,TRUE,0.476595745,619,0.006462036,0,0.009693053,0,0.274636511,0.466882068,0.08723748
Lattyware/unrpa,TRUE,0.465986395,664,0.096385542,0.013554217,0.006024096,0,0.206325301,0.22439759,0.006024096
asleep-cult/snekcord,TRUE,0.460258011,4052,0.111796644,0.017769003,0.015547878,0.001974334,0.201875617,0.166584403,0.000987167
drmikehenry/romt,TRUE,0.458966565,3059,0.146453089,0.007191893,0.009153318,0.002942138,0.195161818,0.299444263,0.001307617
cguardia/questions,TRUE,0.458244111,1664,0.068509615,0.042668269,0.018028846,0.006009615,0.147836538,0.215144231,0.009014423
Tom-the-Bomb/Discord-Games,TRUE,0.45501139,3431,0.233459633,0.028563101,0.033517925,0.020110755,0.200233168,0.313319732,0.023316817
pytest-dev/pytest-factoryboy,TRUE,0.45049505,1142,0.154115587,0.063922942,0.058669002,0.033274956,0.183887916,0.146234676,0.077057793
DavideGalilei/gpytranslate,TRUE,0.44973545,563,0.11722913,0.023090586,0.001776199,0.017761989,0.202486679,0.120781528,0.024866785
feeltheajf/trufflehog3,TRUE,0.447174447,938,0.065031983,0.008528785,0.030916844,0.004264392,0.185501066,0.292110874,0.051172708
pulumi/pulumi-random,TRUE,0.442595674,2013,0.179334327,0.018877298,0.033283656,0.034277198,0.230501739,0.179334327,0.003477397
Textualize/textual,TRUE,0.425636574,6661,0.126557574,0.014862633,0.033028074,0.004203573,0.222939499,0.256417955,0.00630536
Emily3403/isisdl,TRUE,0.418028169,4282,0.166043905,0.018916394,0.045305932,0.005838393,0.27954227,0.488790285,0.007239608
thirtytwobits/nanaimo,TRUE,0.416871921,3356,0.141239571,0.010429082,0.028009535,0.007151371,0.188915375,0.26102503,0.014004768
vkbottle/vkbottle,TRUE,0.406746675,5931,0.133029843,0.018546619,0.021075704,0.015005901,0.242117687,0.184791772,0.043837464
cleoold/sendo-erika,TRUE,0.396551724,147,0.204081633,0,0.040816327,0.06122449,1.904761905,4.102040816,0.102040816
de-code/python-tf-bodypix,TRUE,0.39624119,2980,0.118456376,0.007718121,0,0.002013423,0.145637584,0.165100671,0.006375839
XRPLF/xrpl-py,TRUE,0.395519077,11595,0.062268219,0.012591634,0.010090556,0.001034929,0.147218629,0.110996119,0.010780509
ethereum/staking-deposit-cli,TRUE,0.390660592,2009,0.137879542,0.018914883,0.025385764,0.025385764,0.18765555,0.229965157,0.012941762
flopp/GpxTrackPoster,TRUE,0.390625,2173,0.118729867,0.015646572,0.003221353,0.024390244,0.225954901,0.309249885,0.016566958
redcap-tools/PyCap,TRUE,0.387056627,2838,0,0.00880902,0,0.005637773,0.16384778,0.109584214,0.011980268
kissgyorgy/cloudflare-dyndns,TRUE,0.377358491,548,0.129562044,0.025547445,0.02189781,0.032846715,0.184306569,0.288321168,0.012773723
IBM/spectrum-protect-sppmon,TRUE,0.376017363,4856,0.179777595,0.017298188,0.047981878,0.018945634,0.213138386,0.495057661,0.011532125
Melevir/cognitive_complexity,TRUE,0.373134328,400,0.1075,0.0025,0.005,0,0.1475,0.1,0.015
x13a/py-minisign,TRUE,0.372384937,557,0.150807899,0.001795332,0.026929982,0.007181329,0.154398564,0.122082585,0
rr-/docstring_parser,TRUE,0.365139949,2911,0.000343525,0.021298523,0,0.001717623,0.313637925,0.219168671,0.001717623
alok-ai-lab/pyDeepInsight,TRUE,0.35978836,299,0.150501672,0.013377926,0.02006689,0.026755853,0.18729097,0.153846154,0.006688963
Andarius/piou,TRUE,0.358669834,1821,0.12575508,0.006589786,0.042284459,0.001098298,0.17188358,0.193849533,0.015376167
hyrise/Cockpit,TRUE,0.357995227,14939,0.027378004,0.019613093,0.070018073,0.013990227,0.168953745,0.057366624,0.01077716
tommasobonomo/covid19-italy,TRUE,0.353773585,601,0.068219634,0.014975042,0.003327787,0.009983361,0.06156406,0.12312812,0.009983361
woctezuma/steam-market,TRUE,0.349948613,3695,0.223815968,0.038430311,0.008660352,0.000270636,0.153450609,0.339918809,0.011637348
snowplow/snowplow-python-tracker,TRUE,0.349775785,2471,0.27883448,0.019830028,0.028328612,0.0072845,0.155807365,0.131930393,0.006070417
tomaarsen/TwitchMarkovChain,TRUE,0.345454545,971,0.21215242,0.019567456,0.075180227,0.007209063,0.220391349,0.479917611,0.008238929
PyTweet/PyTweet,TRUE,0.343423423,5057,0.160371762,0.015226419,0.02115879,0.004745897,0.221079692,0.237492585,0.013446708
PyTweet/PyTweet,TRUE,0.343423423,5057,0.160371762,0.014830927,0.02115879,0.004745897,0.221079692,0.237492585,0.013446708
deiger/AirCon,TRUE,0.336956522,1546,0.148124191,0.016170763,0.751617076,0.010996119,0.179172057,0.256791721,0.014877102
davidhamann/python-fmrest,TRUE,0.335787923,1199,0.033361134,0.01501251,0.020016681,0.008340284,0.190992494,0.174311927,0.008340284
gmr/pgdumplib,TRUE,0.334656085,1559,0.080179602,0.014753047,0.01411161,0.007055805,0.220654266,0.235407312,0.005131495
Terbau/fortnitepy,TRUE,0.326235741,8973,0.113005684,0.018388499,0.039117352,0.003566254,0.329544188,0.549760392,0.010364427
scrapy/itemadapter,TRUE,0.324074074,1263,0.137767221,0.015043547,0.011084719,0.008709422,0.175771971,0.106888361,0.002375297
duo-labs/py_webauthn,TRUE,0.320234114,3952,0.11715587,0.021508097,0.011892713,0.016700405,0.147520243,0.126771255,0.004554656
kushalkolar/fastplotlib,TRUE,0.318996416,458,0.150655022,0.048034934,0.06768559,0.026200873,0.218340611,0.231441048,0.004366812
opendatacube/odc-stac,TRUE,0.317912856,4608,0.097873264,0.001085069,0.016059028,0.043619792,0.211371528,0.186631944,0.005859375
mara/mara-app,TRUE,0.312977099,385,0.181818182,0.005194805,0.033766234,0.031168831,0.153246753,0.397402597,0.072727273
maxmind/minfraud-api-python,TRUE,0.31212485,1805,0.101939058,0.014404432,0.007202216,0.023822715,0.172299169,0.167867036,0.009972299
mbarkhau/pretty-traceback,TRUE,0.308868502,1019,0.039254171,0.002944063,0.005888126,0.000981354,0.146221786,0.279685967,0.023552502
SwissCorePy/pyTelegramBotCAPTCHA,TRUE,0.295010846,837,0.100358423,0.01911589,0.064516129,0.008363202,0.218637993,0.291517324,0.017921147
kakaobrain/torchgpipe,TRUE,0.294875927,4964,0.158742949,0.023569702,0.029210314,0.035455278,0.185737309,0.183521354,0.001208703
diem/reference-wallet,TRUE,0.293154323,13623,0.111208985,0.019232181,0.02158115,0.010570359,0.15473831,0.15613301,0.003596858
abey79/vpype,TRUE,0.287874768,4390,0.115034169,0.010250569,0.015034169,0.01047836,0.368109339,0.441002278,0.009339408
heremaps/xyz-spaces-python,TRUE,0.287356322,4980,0.042168675,0.023694779,0.018875502,0.012248996,0.196787149,0.169477912,0.004216867
Minims/SomfyProtect2MQTT,TRUE,0.283382789,1576,0.012690355,0.013324873,0.039974619,0.008248731,0.152284264,0.18464467,0.001269036
jacobsvante/netsuite,TRUE,0.279711885,1553,0.161622666,0.019961365,0.01802962,0.007083065,0.153895686,0.142305216,0.00901481
Typeform/typeform-python-sdk,TRUE,0.271428571,372,0.306451613,0.016129032,0.040322581,0.010752688,0.22311828,0.172043011,0.002688172
OpenBMB/BMInf,TRUE,0.268960125,5538,0.23943662,0.030155291,0.016612495,0.016070784,0.165944384,0.175153485,0.000902853
deepmind/ferminet,TRUE,0.268648019,2550,0.069411765,0.020784314,0.538431373,0.024705882,0.176862745,0.24745098,0.004313725
dask/zict,TRUE,0.268408551,1445,0.190311419,0.01799308,0.04567474,0.008304498,0.326643599,0.120415225,0.004844291
eduvpn/python-eduvpn-client,TRUE,0.261363636,5435,0.135050598,0.019319227,0.069181233,0.007175713,0.178472861,0.225942962,0.037166513
gaborvecsei/Stocks-Pattern-Analyzer,TRUE,0.257261411,801,0.167290886,0.019975031,0.024968789,0.019975031,0.131086142,0.132334582,0.003745318
sobjornstad/AnkiLPCG,TRUE,0.256906077,760,0.086842105,0.022368421,0.044736842,0.017105263,0.285526316,0.147368421,0.013157895
Amaimersion/yandex-disk-telegram-bot,TRUE,0.255983773,7104,0.046452703,0.013231982,0.017595721,0.012809685,0.116131757,0.142173423,0.00267455
arXiv/arxiv-browse,TRUE,0.253611557,7330,0.081582538,0.01568895,0.035197817,0.07148704,0.152114598,0.243929059,0.019781719
kanishkamisra/minicons,TRUE,0.250620347,1093,0.370539799,0.041171089,0.038426349,0.012808783,0.354986276,0.430009149,0.01189387
Fallen-Breath/MCDReforged,TRUE,0.248742666,8874,0.184696867,0.015551048,0.754225828,0.002366464,0.250732477,0.322289835,0.014198783
andresch/trackfs,TRUE,0.247916667,960,0.194791667,0.016666667,0.064583333,0.008333333,0.211458333,0.265625,0.007291667
namboy94/xdcc-dl,TRUE,0.247474747,826,0.041162228,0.024213075,0.015738499,0.015738499,0.222760291,0.415254237,0.015738499
py-mine/mcstatus,TRUE,0.243180047,2062,0.170223084,0.011154219,0.041222114,0.009214355,0.295829292,0.178952473,0.028612997
xmonader/python-sonic-client,TRUE,0.2406639,314,0.200636943,0.025477707,0.085987261,0,0.277070064,0.366242038,0.015923567
R-O-C-K-E-T/Factorio-SAT,TRUE,0.240657698,4738,0.169480794,0.021105952,0.03503588,0.065217391,0.283663993,0.651962854,0.001477417
MenuDocs/Pyro,TRUE,0.236434109,2937,0.080354103,0.022131427,0.013278856,0.021790943,0.215526047,0.372829418,0.013959823
gumerov-amir/TTMediaBot,TRUE,0.23533863,4895,0.140755873,0.034116445,0.027170582,0.010418795,0.229009193,0.368539326,0.030030644
gumerov-amir/TTMediaBot,TRUE,0.23533863,4895,0.140755873,0.034116445,0.027170582,0.010418795,0.229009193,0.368539326,0.030030644
tnychn/instascrape,TRUE,0.234441603,2207,0.225192569,0.022655188,0.062075215,0.001359311,0.269596738,0.54463072,0.000453104
unpywall/unpywall,TRUE,0.233038348,823,0.156743621,0.007290401,0.032806804,0.009720535,0.247873633,0.204131227,0.027946537
maximdanilchenko/aiochclient,TRUE,0.233031674,1681,0.122546104,0.008328376,0.02676978,0.038072576,0.323022011,0.115407496,0.0148721
Kwbmm/scraped-tvtime-api,TRUE,0.230452675,437,0.299771167,0.016018307,0.013729977,0.016018307,0.210526316,0.228832952,0.00228833
espressif/pytest-embedded,TRUE,0.228873239,3457,0.110500434,0.024298525,0.032108765,0.008967313,0.168354064,0.299103269,0.03124096
ProtonVPN/linux-app,TRUE,0.218756888,15623,0.095244191,0.021570761,0.032324137,0.010753376,0.152723549,0.231133585,0.004480574
ALFA-group/BRON,TRUE,0.215916504,3811,0.134872737,0.023878247,0.101023353,0.007609551,0.150879034,0.322749934,0
pcah/python-clean-architecture,TRUE,0.215856302,4256,0.120065789,0.020676692,0.058740602,0.007518797,0.350093985,0.120300752,0.003759398
mangadventure/MangAdventure,TRUE,0.214986619,7445,0.093619879,0.01934184,0.038952317,0.050369375,0.198925453,0.109603761,0.001880457
writememe/motherstarter,TRUE,0.211586902,787,0.099110546,0.005082592,0.092757306,0.010165184,0.219822109,0.100381194,0.01905972
pallets/werkzeug,TRUE,0.210693069,21010,0.094098049,0.011661114,0.019181342,0.008614945,0.259162304,0.273869586,0.041504046
jwodder/check-wheel-contents,TRUE,0.209006928,4118,0.071879553,0.010927635,0.005342399,0.01189898,0.137445362,0.149587178,0.000971345
4rtzel/poe-archnemesis-scanner,TRUE,0.208984375,809,0.234857849,0.023485785,0.114956737,0.009888752,0.241038319,0.286773795,0.003708282
TyVik/geopuzzle,TRUE,0.208357858,3869,0.187386922,0.036185061,0.016800207,0.080640993,0.159472732,0.158697338,0.007237012
snipesmarter/smart-sniper,TRUE,0.20501139,1056,0.189393939,0.033143939,0.125,0.004734848,0.170454545,0.517045455,0.011363636
SystemRDL/PeakRDL-uvm,TRUE,0.203821656,403,0.111662531,0.024813896,0.004962779,0.024813896,0.248138958,0.302729529,0.007444169
SystemRDL/PeakRDL-uvm,TRUE,0.203821656,403,0.111662531,0.024813896,0.004962779,0.024813896,0.248138958,0.302729529,0.007444169
chris104957/maildown,TRUE,0.201030928,445,0.148314607,0.033707865,0.02247191,0.053932584,0.173033708,0.139325843,0.020224719
micahcochran/scrape-schema-recipe,TRUE,0.199275362,463,0.250539957,0.008639309,0.019438445,0.008639309,0.371490281,0.347732181,0.008639309
dbrattli/OSlash,TRUE,0.198660714,3678,0.271343121,0.01576944,0.022838499,0.000815661,0.208265362,0.206905927,0.004622077
dbrattli/OSlash,TRUE,0.198660714,3678,0.271343121,0.01576944,0.022838499,0.000815661,0.208265362,0.206905927,0.004622077
testingautomated-usi/uncertainty-wizard,TRUE,0.197183099,3003,0.141192141,0.015318015,0.022311022,0.008991009,0.169164169,0.111222111,0.000666001
LukasZahradnik/PyNeuraLogic,TRUE,0.195104895,5516,0.15137781,0.027193619,0.021211022,0.010877447,0.229876722,0.2224438,0.004713561
LukasZahradnik/PyNeuraLogic,TRUE,0.195104895,5516,0.15137781,0.026287165,0.021211022,0.010877447,0.229876722,0.2224438,0.004713561
attakei/sphinx-revealjs,TRUE,0.194585448,1167,0.113967438,0.011996572,0.101113967,0.048843188,0.197086547,0.136246787,0.049700086
Granitosaurus/parsel-cli,TRUE,0.194495413,1133,0.088261253,0.01059135,0.020300088,0.017652251,0.26478376,0.213592233,0.015004413
cuenca-mx/stpmex-python,TRUE,0.193304536,1685,0.130563798,0.008308605,0.008902077,0.029080119,0.155489614,0.092581602,0.018991098
rdbende/tkcode,TRUE,0.192307692,584,0.066780822,0.011986301,0.025684932,0.080479452,0.255136986,0.232876712,0.003424658
techindicium/dbt-oracle,TRUE,0.189189189,427,0.163934426,0.004683841,0.06088993,0.091334895,0.154566745,0.128805621,0.011709602
resurfaceio/logger-python,TRUE,0.187635575,3129,0.088846277,0.011185682,0.009268137,0.002237136,0.28028124,0.189197827,0.025567274
sonic182/aiosonic,TRUE,0.18602762,2409,0.04732254,0.01577418,0.0332088,0.01162308,0.202573682,0.219593192,0.01120797
Vanderhoof/PyDBML,TRUE,0.185255198,5534,0.19678352,0.007950849,0.01770871,0.002168413,0.161546802,0.12414167,0.005240332
TradeFace/tuyaface,TRUE,0.184818482,609,0.032840722,0.014778325,0.014778325,0.003284072,0.23316913,0.612479475,0.047619048
equinor/pyscal,TRUE,0.184565916,10868,0.01812661,0.009661391,0.000828119,0.004048583,0.213930806,0.15403018,0.006072874
astronomer/astronomer-providers,TRUE,0.184315143,14598,0.057610632,0.012193451,0.029387587,0.032881217,0.122756542,0.122140019,0.001438553
seanbreckenridge/keepassxc-pwned,TRUE,0.183800623,772,0.156735751,0.014248705,0.115284974,0.018134715,0.24611399,0.174870466,0.009067358
vcs-python/vcspull,TRUE,0.183783784,1308,0.109327217,0.00764526,0.070336391,0.020642202,0.210244648,0.207186544,0.068807339
frank1010111/pywaterflood,TRUE,0.182330827,783,0.11366539,0.019157088,0.114942529,0.011494253,0.180076628,0.24137931,0.028097063
Limych/ha-beward,TRUE,0.181494662,646,0.015479876,0.013931889,0.007739938,0.06501548,0.178018576,0.253869969,0.06501548
python-attrs/cattrs,TRUE,0.181102362,3888,0.124742798,0.037294239,0.018004115,0.013374486,0.29526749,0.352623457,0.010030864
MadeByMads/mad-migration,TRUE,0.181063123,1387,0.201874549,0.04109589,0.149963951,0.051189618,0.207642394,0.436914203,0.017303533
zackelia/ghidra-dark,TRUE,0.179856115,362,0.085635359,0.027624309,0.019337017,0,0.259668508,0.450276243,0.019337017
enter-at/python-aws-lambda-handlers,TRUE,0.17699115,254,0.051181102,0.007874016,0.05511811,0,0.763779528,0.224409449,0.362204724
RohanJnr/IceBook-Django,TRUE,0.174698795,919,0.107725789,0.039173014,0.014145811,0.088139282,0.118607182,0.064200218,0
greenbone/ospd-openvas,TRUE,0.171586716,9034,0.079145451,0.013615231,0.000332079,0.000885544,0.227141908,0.285698472,0.020146115
allenai/scidocs,TRUE,0.170678337,755,0.260927152,0.02781457,0.060927152,0.041059603,0.18410596,0.275496689,0.010596026
minds-ai/zoom-drive-connector,TRUE,0.167701863,678,0.134218289,0.016224189,0.678466077,0.017699115,0.205014749,0.160766962,0.042772861
vinayak-mehta/present,TRUE,0.164904863,1053,0.150997151,0.03988604,0.048433048,0.015194682,0.179487179,0.278252612,0.009496676
Chavithra/degiro-connector,TRUE,0.163361941,12238,0.075747671,0.046657951,0.06479817,0.007599281,0.071416898,0.086043471,0.005066187
mbe-shipyard/sysml.py,TRUE,0.159851301,675,0.108148148,0.007407407,0.08,0.019259259,0.337777778,0.288888889,0.019259259
Skyscanner/whispers,TRUE,0.158878505,2003,0.10683974,0.015476785,0.01347978,0.006989516,0.24013979,0.39091363,0.004992511
google/TensorNetwork,TRUE,0.156546275,27144,0.22542735,0.016062482,0.720932803,0.005268199,0.173113764,0.176650457,0.009025936
google/TensorNetwork,TRUE,0.156546275,27144,0.22542735,0.016062482,0.720932803,0.005268199,0.173113764,0.176650457,0.009025936
soumik12345/point-cloud-segmentation,TRUE,0.155511811,1065,0.095774648,0.028169014,0.00657277,0.034741784,0.151173709,0.203755869,0.018779343
mir-group/nequip,TRUE,0.155326138,10184,0.108110762,0.026512176,0.05145326,0.03269835,0.224960723,0.324921445,0.021504321
Orange-Cyberdefense/bof,TRUE,0.15472973,2562,0.117486339,0.023809524,0.06206089,0.037861046,0.217798595,0.24863388,0.030835285
parafoxia/analytix,TRUE,0.15328,5954,0.24823648,0.017635203,0.087672153,0.005374538,0.197850185,0.085152838,0.002687269
IlyaGusev/summarus,TRUE,0.152959665,2187,0.112940101,0.034293553,0.011888432,0.062185642,0.303155007,0.394604481,0.033379058
martinsbruveris/tensorflow-image-models,TRUE,0.151462995,10742,0.069540123,0.025507354,0.011822752,0.009681624,0.10873208,0.147272389,0.002234221
zhiqwang/yolov5-rt-stack,TRUE,0.148783977,9681,0.162689805,0.02726991,0.016527218,0.019109596,0.199979341,0.287367008,0.011878938
idlesign/django-sitemetrics,TRUE,0.148148148,316,0.205696203,0.022151899,0.056962025,0.060126582,0.205696203,0.107594937,0.025316456
adamghill/coltrane,TRUE,0.145882353,2589,0.099652375,0.002703747,0.017381228,0.024719969,0.174198532,0.140208575,0.00038625
mozilla-services/mozilla-pipeline-schemas,TRUE,0.144295302,793,0.097099622,0.002522068,0.029003783,0.015132409,0.145018916,0.116015132,0.103404792
Lartza/SBbrowser,TRUE,0.139072848,477,0.22851153,0.05870021,0.004192872,0.046121593,0.190775681,0.174004193,0.016771488
o-o-overflow/archiveooo,TRUE,0.138964578,2718,0.228844739,0.024650478,0.05334805,0.023178808,0.226269316,0.484547461,0.004415011
soerface/7billionhumans,TRUE,0.136716418,2639,0.306176582,0.019325502,0.111405836,0.083364911,0.129973475,0.378173551,0.001894657
CodeForPhilly/chime,TRUE,0.136672326,2751,0.095965104,0.021446747,0.016721192,0.03126136,0.147219193,0.15303526,0.058160669
awslabs/sagemaker-deep-demand-forecast,TRUE,0.136507937,703,0.135135135,0.014224751,0.029871977,0.058321479,0.12802276,0.229018492,0.00284495
ebanalyse/fuzzup,TRUE,0.134686347,4728,0.102791878,0.004864636,0.021150592,0.004864636,0.04251269,0.05858714,0.004864636
smitkiri/ehr-relation-extraction,TRUE,0.134563212,2586,0.117942769,0.035576179,0.022428461,0.015467904,0.334880124,0.605955143,0.001933488
nikat/mtproto2json,TRUE,0.131953428,977,0.721596725,0.05629478,0.040941658,0.453428864,0.365404299,0.482088025,0
Anrijs/Aranet4-Python,TRUE,0.129441624,812,0.10591133,0.017241379,0.030788177,0.007389163,0.150246305,0.237684729,0.007389163
opsdis/icinga2-exporter,TRUE,0.126811594,536,0.179104478,0.03358209,0.035447761,0.013059701,0.263059701,0.48880597,0.009328358
broadinstitute/pyfrost,TRUE,0.126550868,3131,0.153305653,0.021079527,0.027467263,0.01788566,0.244330885,0.416160971,0.002555094
fivetran/airflow-provider-fivetran,TRUE,0.125,564,0.086879433,0.015957447,0.067375887,0.04787234,0.138297872,0.115248227,0.028368794
rspeer/python-ftfy,TRUE,0.123931624,1087,0.080956762,0.017479301,0.022079117,0.003679853,0.201471941,0.335786569,0.132474701
hanspi42/signalflowgrapher,TRUE,0.119028119,6143,0.108416083,0.021813446,0.014976396,0.014650822,0.181832981,0.183786424,0.001139508
HallLab/pandas-genomics,TRUE,0.118524333,1911,0.076923077,0.031397174,0.028257457,0.005756149,0.307169021,0.354264783,0.005756149
EVEInsight/Insight,TRUE,0.117089911,12890,0.326842514,0.040884407,0.065942591,0.063304888,0.258960434,0.432505818,0.002560124
dothinking/pdf2docx,TRUE,0.11706998,4465,0.434042553,0.019932811,0.030907055,0.010078387,0.330795073,0.471892497,0.038073908
asahi417/kex,TRUE,0.115909091,1447,0.285418106,0.042156185,0.03317208,0.01520387,0.259156876,0.277816171,0.015894955
microsoft/PyMarlin,TRUE,0.114074074,5498,0.134412514,0.018370316,0.066387777,0.027282648,0.214077846,0.201891597,0.006002183
4n4nd/prometheus-api-client-python,TRUE,0.109207709,1084,0.078413284,0.022140221,0.011070111,0.007380074,0.177121771,0.231549815,0.019372694
9dogs/tg-odesli-bot,TRUE,0.108963093,1329,0.009781791,0.014296464,0.0248307,0.019563582,0.187358916,0.15048909,0.0082769
BeyondTheClouds/enos,TRUE,0.108280255,2277,0.10496267,0.008783487,0.06455863,0.021958718,0.166886254,0.234519104,0.060606061
eseifert/madam,TRUE,0.107081174,3510,0.137321937,0.013105413,0.094017094,0.007692308,0.272934473,0.220512821,0.023646724
sxyu/svox2,TRUE,0.106538895,6873,0.151898734,0.021824531,0.038556671,0.015422668,0.152480722,0.259711916,0.001309472
planetarypy/pvl,TRUE,0.106014712,5902,0.147746527,0.02321247,0.024737377,0.014571332,0.241782447,0.312097594,0.008471705
lopuhin/transformer-lm,TRUE,0.104093567,1427,0.14856342,0.01611773,0.011212334,0.021023125,0.160476524,0.290819902,0.009110021
apostvav/kannel_exporter,TRUE,0.103626943,481,0.062370062,0,0.006237006,0,0.166320166,0.35966736,0.027027027
COVESA/vss-tools,TRUE,0.101387407,2088,0.208812261,0.023467433,0.126915709,0.009099617,0.215038314,0.475574713,0.014846743
emmett-framework/emmett,TRUE,0.101103355,23540,0.119073917,0.018139337,0.065250637,0.013338997,0.278292268,0.299957519,0.005140187
mozilla-services/telescope,TRUE,0.101094092,3213,0.079365079,0.013383131,0.022097728,0.019296608,0.258014317,0.215686275,0.009648304
AccentuSoft/LinkScope_Client,TRUE,0.099618149,20543,0.386603709,0.05174512,0.012753736,0.008664752,0.208246118,0.654967629,0.003553522
robotpy/robotpy-wpilib,TRUE,0.098425197,942,0.162420382,0.024416136,0.048832272,0.02866242,0.158174098,0.279193206,0.148619958
captainhammy/Houdini-Toolbox,TRUE,0.098197383,20909,0.020852265,0.003204362,0.051795877,0.005691329,0.194748673,0.144722368,0.001004352
facebookresearch/LASER,TRUE,0.096774194,2810,0.177224199,0.026690391,0.047686833,0.01886121,0.184341637,0.384341637,0.003202847
tomaae/homeassistant-truenas,TRUE,0.093103448,1886,0.014846235,0.010604454,0.003181336,0.085365854,0.164899258,0.341993637,0.002651113
paretogroup/omni-reports,TRUE,0.093023256,741,0.134952767,0.045883941,0.020242915,0.010796221,0.210526316,0.140350877,0.002699055
python-microservices/pyms,TRUE,0.092829706,2527,0.20498615,0.005540166,0.021369213,0.013058963,0.221210922,0.158686189,0.009497428
karpierz/pcap-ct,TRUE,0.086746988,874,0.155606407,0.02173913,0.066361556,0.029748284,0.227688787,0.410755149,0.00228833
JDASoftwareGroup/kartothek,TRUE,0.083801223,26081,0.090947433,0.016487098,0.033932748,0.008665312,0.173497949,0.187339443,0.005597945
LordBoos/discord_game,TRUE,0.083636364,367,0.100817439,0.027247956,0.324250681,0.029972752,0.035422343,0.392370572,0.002724796
facebookresearch/mmf,TRUE,0.083030047,37061,0.082701492,0.02377162,0.029599849,0.014921346,0.209168668,0.254472356,0.009281995
joggs/home_assistant_ebeco,TRUE,0.080838323,643,0.027993779,0.00933126,0.00777605,0.029548989,0.200622084,0.158631415,0.01399689
Spijkervet/torchaudio-augmentations,TRUE,0.080645161,780,0.165384615,0.016666667,0.015384615,0.034615385,0.167948718,0.069230769,0.002564103
KyleKing/dash_charts,TRUE,0.077577578,3355,0.073919523,0.002384501,0.028912072,0.030402385,0.191654247,0.155886736,0.005663189
tensorflow/addons,TRUE,0.077355058,27097,0.080931468,0.015352253,0.01417131,0.017677234,0.109753847,0.117245452,0.00811898
ray-project/ray_lightning,TRUE,0.077192982,2050,0.10097561,0.026341463,0.118536585,0.05902439,0.147804878,0.120487805,0.008780488
north-road/slyr,TRUE,0.075924591,19739,0.113531587,0.013425199,0.001114545,0.005522063,0.241349612,0.315770809,0.000759917
mighty-justice/django-super-deduper,TRUE,0.07518797,466,0.188841202,0.075107296,0.06223176,0.025751073,0.261802575,0.169527897,0.002145923
MarcelBeining/EazeBot,TRUE,0.075123153,4154,0.262397689,0.045979779,0.042850265,0.004573905,0.314155031,0.742176216,0.048627829
derrod/legendary,TRUE,0.074405681,7734,0.144944401,0.031936902,0.081717093,0.000387898,0.294284975,0.626842514,0.005689165
jumping2000/notifier,TRUE,0.073267327,867,0.242214533,0.023068051,0.158016148,0.029988466,0.344867359,0.814302191,0.00922722
oke-aditya/pytorch_cnn_trainer,TRUE,0.070446735,1397,0.104509664,0.051539012,0.050107373,0.062992126,0.105225483,0.159627774,0.010021475
Wenzel/oswatcher,TRUE,0.069003286,1635,0.121712538,0.018348624,0.008562691,0.017737003,0.23853211,0.402446483,0.033639144
searxng/searx-space,TRUE,0.068105192,2944,0.109035326,0.015285326,0.013247283,0.008152174,0.221467391,0.463315217,0.015285326
tuya-cloudcutter/tuya-cloudcutter,TRUE,0.067567568,3738,0.212680578,0.024077047,0.06741573,0.00882825,0.200642055,0.378277154,0.006688068
jbms/finance-dl,TRUE,0.067168189,4047,0.150976032,0.01754386,0.042253521,0.037311589,0.172720534,0.358290091,0.010378058
brennerm/uptimerobot-operator,TRUE,0.065380493,1825,0.158356164,0.010410959,0.114520548,0.02630137,0.213150685,0.129315068,0.001643836
biocore/songbird,TRUE,0.065075922,621,0.154589372,0.019323671,0.048309179,0.051529791,0.149758454,0.111111111,0.069243156
aws/amazon-braket-pennylane-plugin-python,TRUE,0.06504065,2790,0.071326165,0.013620072,0.037275986,0.04874552,0.142293907,0.084587814,0.013978495
Blockstream/green_cli,TRUE,0.064995357,1934,0.114270941,0.01344364,0.05532575,0.037228542,0.187176836,0.244570838,0.002585315
hynek/pem,TRUE,0.064599483,890,0.107865169,0.002247191,0.01011236,0.016853933,0.268539326,0.041573034,0.016853933
namacha/python-magichue,TRUE,0.064516129,1169,0.185628743,0.017964072,0.029084688,0.001710864,0.20188195,0.152266895,0.027373824
microprediction/humpday,TRUE,0.063655031,2749,0.363404874,0.03492179,0.118588578,0.010185522,0.212440888,0.341942525,0.002910149
Team-uMigrate/umigrate,TRUE,0.06359447,6091,0.115908718,0.038909867,0.021999672,0.071581021,0.114759481,0.115087835,0.013462486
sqlalchemy/sqlalchemy-collectd,TRUE,0.063314711,2154,0.096100279,0.015784587,0.041318477,0.010213556,0.169452182,0.183379759,0.005571031
tenable/pyTenable,TRUE,0.062885554,25451,0.059447566,0.015952222,0.044752662,0.014341283,0.170012966,0.171545322,0.005029272
elifesciences/sciencebeam-gym,TRUE,0.062208398,18649,0.110622553,0.016622875,0.001072444,0.010992547,0.166228752,0.124939675,0.002681109
AberystwythSystemsBiology/limbus,TRUE,0.061812132,21991,0.120640262,0.048428903,0.064435451,0.020281024,0.110999955,0.313128098,0.008185167
greatscottgadgets/Facedancer,TRUE,0.060927479,6348,0.117674858,0.019848771,0.077977316,0.010712035,0.214870825,0.240548204,0.001575299
wtsnjp/MioGatto,TRUE,0.060606061,1083,0.199445983,0.035087719,0.012003693,0.007386888,0.166204986,0.297322253,0.027700831
mangaki/mangaki,TRUE,0.059955588,10188,0.180899097,0.031115037,0.038476639,0.042697291,0.160286612,0.21486062,0.012465646
Nekmo/telegram-upload,TRUE,0.059202059,1380,0.244927536,0.018115942,0.055797101,0.020289855,0.208695652,0.255797101,0.005072464
santiment/sanpy,TRUE,0.058436815,2215,0.161625282,0.018058691,0.031151242,0.002708804,0.1751693,0.279909707,0.017155756
loonghao/photoshop-python-api,TRUE,0.05826737,5710,0.405779335,0.004553415,0.005429072,0.002276708,0.238003503,0.039929947,0.003502627
zdict/zdict,TRUE,0.057943925,4182,0.092300335,0.007173601,0.030607365,0.004065041,0.154710665,0.212338594,0.024390244
oysstu/pyxtf,TRUE,0.05760709,1554,0.258043758,0.007722008,0.03989704,0.002574003,0.14028314,0.206563707,0.001287001
csingley/ofxtools,TRUE,0.056629834,25486,0.085027074,0.008514479,0.010594052,0.010162442,0.098563917,0.080004708,0.004826179
atgu/ukbb_pan_ancestry,TRUE,0.05482866,5188,0.366037008,0.021395528,0.056861989,0.192559753,0.200077101,0.353700848,0.012143408
JohnOmernik/sqlalchemy-drill,TRUE,0.054545455,984,0.18495935,0.039634146,0.12804878,0.040650407,0.216463415,0.328252033,0.052845528
LilitYolyan/CutPaste,TRUE,0.05399568,711,0.368495077,0.028129395,0.05625879,0.067510549,0.185654008,0.168776371,0.014064698
pytorch/torchdynamo,TRUE,0.053646642,25069,0.189796163,0.028720731,0.032231042,0.022737245,0.200247317,0.24895289,0.001436037
YeahImRose/Dusty-Cogs,TRUE,0.048598131,1118,0.147584973,0.008944544,0.042039356,0.032200358,0.285330948,0.497316637,0.016100179
Parrot-Developers/olympe,TRUE,0.048485574,14384,0.080297553,0.02301168,0.052906007,0.022664071,0.28455228,0.423317575,0.002363737
GimelStudio/gsnodegraph,TRUE,0.047878128,1283,0.354637568,0.034294622,0.038971161,0.014029618,0.26812159,0.303195635,0.014809041
Redon-Tech/Roblox-Purchasing-Hub,TRUE,0.04743833,1629,0.117249847,0.016574586,0.04849601,0.049109883,0.163290362,0.416820135,0.002455494
Redon-Tech/Roblox-Purchasing-Hub,TRUE,0.04743833,1629,0.117249847,0.016574586,0.04849601,0.049109883,0.163290362,0.416820135,0.002455494
daltonmaag/vttLib,TRUE,0.046065259,1201,0.112406328,0.01498751,0.017485429,0.005828476,0.273105745,0.502914238,0.010824313
paulknewton/pi-cloud-frame,TRUE,0.045454545,1300,0.131538462,0.006153846,0.021538462,0.027692308,0.219230769,0.188461538,0.013846154
AznStevy/Maybe-Useful-Cogs,TRUE,0.044559585,3864,0.210144928,0.020703934,0.04373706,0.011387164,0.227225673,0.494306418,0.009057971
Sceptre/sceptre,TRUE,0.044486692,9787,0.098191478,0.018902626,0.046081537,0.030346378,0.208337591,0.171860631,0.012261163
Tencent/PatrickStar,TRUE,0.044030483,4328,0.073475046,0.029343808,0.019177449,0.024260628,0.358133087,0.61344732,0.035351201
Tencent/PatrickStar,TRUE,0.044030483,4328,0.073475046,0.029343808,0.019177449,0.024260628,0.358133087,0.61344732,0.035351201
jcass77/django-apscheduler,TRUE,0.043103448,1837,0.139357648,0.011431682,0.030484486,0.035928144,0.14044638,0.071856287,0.015242243
dchrostowski/investopedia_simulator_api,TRUE,0.042505593,1440,0.231944444,0.041666667,0.052777778,0.020833333,0.217361111,0.279861111,0.011111111
Netherdrake/steem-python,TRUE,0.042464115,4682,0.154634771,0.02605724,0.033319094,0.006193934,0.333831696,0.439555745,0.008970525
Ulauncher/Ulauncher,TRUE,0.042074928,5646,0.216082182,0.002656748,0.016294722,0.014523557,0.293127878,0.197484945,0.029401346
Ulauncher/Ulauncher,TRUE,0.042074928,5646,0.216082182,0.002479632,0.016294722,0.014523557,0.293127878,0.197484945,0.029401346
trix-solutions/moncli,TRUE,0.04201817,8776,0.334092981,0.019257065,0.074179581,0.011394713,0.141294439,0.172971741,0.006494986
ebrahimraeyat/OSAFE,TRUE,0.041069415,9295,0.264550834,0.029047875,0.12824099,0.028617536,0.274125874,0.429693384,0.006239914
ebrahimraeyat/OSAFE,TRUE,0.041069415,9295,0.264550834,0.029047875,0.12824099,0.028617536,0.274125874,0.429693384,0.006239914
ClaudiuGeorgiu/PlaystoreDownloader,TRUE,0.041014169,12509,0.01998561,0.002558158,0.008074187,0.001758734,0.016468143,0.02062515,0.00031977
equinor/xtgeo,TRUE,0.039778797,32831,0.050683805,0.016265115,0.03533246,0.013980689,0.176784137,0.216350401,0.008010722
jpadilla/pyjwt,TRUE,0.03969129,3248,0.120381773,0.006157635,0.094519704,0.004618227,0.23429803,0.188115764,0.016933498
guyingbo/shadowproxy,TRUE,0.038968481,2982,0.1277666,0.013749162,0.041247485,0.022132797,0.230382294,0.306170355,0.010060362
GhostSelfbot/Ghost,TRUE,0.037387194,7123,0.239646216,0.024006739,0.124947354,0.033132107,0.130843746,0.64551453,0.001403903
aesara-devs/aeppl,TRUE,0.036829464,7929,0.115146929,0.014377601,0.028124606,0.025349981,0.130407365,0.190440156,0.000378358
markusschmitt/vmc_jax,TRUE,0.036267319,3215,0.563297045,0.037947123,0.110730949,0.042923795,0.171384137,0.238880249,0.01244168
OutlierVentures/ANVIL,TRUE,0.035809019,1214,0.350906096,0.037891269,0.117792422,0.018121911,0.105436573,0.196046129,0.019769357
reseval/reseval,TRUE,0.035714286,1752,0.050228311,0.029109589,0.029680365,0.008561644,0.196917808,0.296232877,0.007420091
tonybaloney/wily,TRUE,0.035552683,3697,0.056532324,0.023262104,0.038409521,0.015147417,0.192859075,0.170678929,0.028942386
hipster-philology/pyrrha,TRUE,0.035175879,8432,0.168524668,0.016603416,0.018263757,0.013282732,0.139705882,0.169829222,0.006759962
ESSS/err-stash,TRUE,0.035058431,1406,0.10455192,0.013513514,0.043385491,0.011379801,0.151493599,0.23257468,0.011379801
fgnt/pb_chime5,TRUE,0.034640523,6464,0.111850248,0.036509901,0.027846535,0.018409653,0.193997525,0.339727723,0.018719059
D-X-Y/AutoDL-Projects,TRUE,0.033192725,35641,0.176678544,0.05782666,0.05586263,0.022025196,0.142476361,0.217137566,0.001234533
tomer8007/kik-bot-api-unofficial,TRUE,0.032677559,12054,0.112825618,0.066368011,0.033847685,0.010784802,0.102870416,0.110004978,0.003318401
nod-ai/SHARK,TRUE,0.032520325,1302,0.133640553,0.029953917,0.066052227,0.040706605,0.643625192,0.448540707,0.006912442
nod-ai/SHARK,TRUE,0.032520325,1302,0.133640553,0.029953917,0.066052227,0.040706605,0.643625192,0.448540707,0.006912442
joshschmelzle/lswifi,TRUE,0.031607629,5059,0.113263491,0.02470844,0.033801146,0.008104368,0.192528168,0.406404428,0.002965013
kernehed/Home-Assistant_Config,TRUE,0.031054561,17732,0.076697496,0.017313332,0.071734717,0.028930747,0.221069253,0.564516129,5.63952E-05
plastex/plastex,TRUE,0.030628251,22198,0.386115866,0.021713668,0.120461303,0.018154789,0.24421119,0.34273358,0.0050455
DongjunLee/quantified-self,TRUE,0.029992502,6782,0.112798584,0.03052197,0.027572987,0.034650546,0.22707166,0.316425833,0.019168387
kyokenn/rogdrv,TRUE,0.029850746,1441,0.146426093,0.021512838,0.079111728,0.014573213,0.224149896,0.325468425,0.012491325
ncbi-nlp/BLUE_Benchmark,TRUE,0.02952381,1675,0.226865672,0.023283582,0.259104478,0.027462687,0.244179104,0.447164179,0
Ze-Yang/Context-Transformer,TRUE,0.028474903,3366,0.199346405,0.046048723,0.027926322,0.013071895,0.26114082,0.409090909,0.001188354
tensorflow/neural-structured-learning,TRUE,0.026622137,18520,0.09562635,0.029427646,0.599298056,0.01587473,0.139740821,0.188552916,0.00199784
airsplay/lxmert,TRUE,0.025396825,3228,0.155204461,0.053593556,0.0377943,0.021065675,0.234200743,0.372986369,0
mjol/TLScan,TRUE,0.024784483,1625,0.235076923,0.033846154,0.036923077,0.014769231,0.251692308,0.433846154,0.003692308
mjol/TLScan,TRUE,0.024784483,1625,0.235076923,0.033846154,0.036923077,0.014769231,0.251692308,0.433846154,0.003692308
HazyResearch/state-spaces,TRUE,0.024367163,14707,0.237437955,0.034745359,0.065751003,0.040796899,0.259808255,0.378391242,0.000611953
mdovgialo/steam-vr-wheel,TRUE,0.023404255,1632,0.269607843,0.023284314,0.144607843,0.015318627,0.240808824,0.371936275,0.003676471
nschloe/meshio,TRUE,0.022514409,13464,0.081179441,0.02332145,0.00868984,0.005347594,0.205659537,0.404560309,0.048796791
facebookresearch/salina,TRUE,0.021352313,2322,0.199827735,0.033591731,0.054263566,0.015073213,0.610249785,0.82213609,0.01335056
Scille/winfspy,TRUE,0.020484171,4135,0.090689238,0.01185006,0.026118501,0.00241838,0.088270859,0.112696493,0.00241838
Befzz/blender3d_import_psk_psa,TRUE,0.02023919,2267,0.580943979,0.045434495,0.053374504,0.016321129,0.179532422,0.576532863,0.001764446
bundesAPI/nina-api,TRUE,0.019501625,4823,0.072361601,0.032137674,0.054945055,0.014928468,0.202156334,0.297947336,0.00041468
exercism/python,TRUE,0.017788945,16708,0.221989466,0.012449126,0.034055542,0.020888197,0.266878142,0.176502274,0.015441705
megat69/ACPL,TRUE,0.017573696,4065,0.179827798,0.035178352,0.054612546,0.00098401,0.282410824,0.951537515,0.00098401
taichi-dev/taichi_blend,TRUE,0.017118402,1322,0.267776097,0.015885023,0.121028744,0.037065053,1.124810893,1.661875946,0.006051437
AlexImmer/Laplace,TRUE,0.016528926,3934,0.2236909,0.038383325,0.0701576,0.024148449,0.252669039,0.236146416,0.00305033
Yelp/beans,TRUE,0.016091954,2303,0.137646548,0.022145028,0.027789839,0.014329136,0.194094659,0.129396439,0.009552757
pranjaldatta/PyVision,TRUE,0.015314804,5675,0.376563877,0.061674009,0.080881057,0.038237885,0.189603524,0.302202643,0.004052863
pranjaldatta/PyVision,TRUE,0.015314804,5675,0.376563877,0.061674009,0.080881057,0.038237885,0.189603524,0.302202643,0.004052863
tin2tin/Blender_Screenwriter,TRUE,0.014641288,2048,0.234863281,0.044433594,0.060058594,0.018554688,0.294433594,0.65234375,0.006347656
moe-serifu-circle/moe-serifu-agent,TRUE,0.014455782,4571,0.143732225,0.011376067,0.068912711,0.020564428,0.1802669,0.203675345,0.014220083
pretalx/pretalx,TRUE,0.014294343,27309,0.105679446,0.020213117,0.024277711,0.048665275,0.260390348,0.205023985,0.012926142
aio-libs/yarl,TRUE,0.013120365,3601,0.214940294,0.004998611,0.025548459,0.00416551,0.375173563,0.133851708,0.016106637
texworld/tikzplotlib,TRUE,0.012861736,5005,0.223976024,0.014385614,0.013386613,0.002197802,0.153846154,0.249350649,0.069330669
mitre-attack/mitreattack-python,TRUE,0.012372635,27103,0.176622514,0.008781316,0.004353762,0.001254474,0.059366122,0.122864628,0.000959303
shijie-wu/neural-transducer,TRUE,0.012053033,4056,0.109960552,0.033530572,0.014546351,0.00739645,0.238658777,0.350838264,0.001232742
avantifellows/plio-backend,TRUE,0.009505703,6786,0.108458591,0.040524609,0.010757442,0.040229885,0.093427645,0.057618627,0.011052166
eclipse/paho.mqtt.testing,TRUE,0.00946432,8953,0.290405451,0.028258684,0.921925612,0.024572769,0.318999218,0.546520719,0.001340333
PartnershipOnAI/safelife,TRUE,0.009001637,4420,0.076696833,0.023076923,0.028280543,0.013348416,0.215837104,0.372171946,0.013800905
wangronin/MIP-EGO,TRUE,0.008476138,8161,0.359637299,0.032471511,0.106727117,0.029775763,0.230976596,0.391128538,0.003430952
rdevon/cortex,TRUE,0.007608696,6007,0.161644748,0.033460962,0.060595971,0.029632096,0.221075412,0.354086899,0.015148993
Neurita/pypes,TRUE,0.00697107,9576,0.098997494,0.016290727,0.018796992,0.026002506,0.07612782,0.122076023,0.017439432
Aceinna/python-openimu,TRUE,0.006871728,19292,0.145189716,0.034366577,0.027472527,0.005390836,0.216773792,0.3957599,0.022133527
tqsd/QuNetSim,TRUE,0.006068912,3671,0.109234541,0.031871425,0.01988559,0.010078998,0.515663307,0.824570962,0.023699265
tqsd/QuNetSim,TRUE,0.006068912,3671,0.109234541,0.031871425,0.01988559,0.010078998,0.515663307,0.824570962,0.023699265
XuezheMax/NeuroNLP2,TRUE,0.00601586,4789,0.203382752,0.06953435,0.040300689,0.011067029,0.175610775,0.386510754,0.030904155
XuezheMax/NeuroNLP2,TRUE,0.00601586,4789,0.203382752,0.06953435,0.040300689,0.011067029,0.175610775,0.386510754,0.030904155
IBM/mlapp,TRUE,0.005567529,9941,0.209636857,0.03158636,0.052409214,0.014586058,0.268685243,0.429936626,0.000905342
W4ngatang/qags,TRUE,0.004762224,26302,0.126872481,0.046498365,0.039464679,0.017185005,0.231959547,0.393734317,7.60398E-05
ragardner/tksheet,TRUE,0.003837719,10497,0.293036106,0.049633229,0.026579023,0.000285796,0.446413261,0.920834524,0.001714776
triton-inference-server/server,TRUE,0.002658161,35881,0.10958446,0.035339037,0.041721245,0.01446448,0.157883002,0.417296062,0.009754466
HuyaneMatsu/hata,TRUE,0.001132369,89800,0.477305122,0.019064588,0.024142539,0.010723831,0.24389755,0.524721604,0.002873051
